"loc_adm_2	",,,,nps2015,nps2016
20043,,,,8.25,9
39173,,,,6.33333,7.33333
"51085	",,,,7.5,6
"37147	",,,,9.2,8.6
"39139	",,,,6.57143,9.2
"31147	",,,,8.76923,7.92857
"24013	",,,,8.16667,10
"47031	",,,,6,8.42857
"31021	",,,,9.25,9.125
"20031	",,,,8.75,8.5
"31151	",,,,8.42857,8.58333
"05085	",,,,10,7
"31035	",,,,8.11765,8.125
"38091	",,,,8,8.23077
"29115	",,,,8.14286,10
"29063	",,,,10,8
"36055	",,,,7.66667,7.5
"18045	",,,,7.8,8.71429
"48239	",,,,8,9
"39063	",,,,9.5,8.53846
"17075	",,,,7.9434,7.77027
"55065	",,,,6.875,7.57143
19097,,,,4,8.33333
"17155	",,,,9,7.5
"36101	",,,,9.33333,9.5
"31027	",,,,7.91667,7.11111
"27063	",,,,7.96774,8.2069
"39091	",,,,8.4,7.375
"28095	",,,,9,5
"45027	",,,,9.16667,9.25
"46099	",,,,7.6,8.53191
"20053	",,,,9.33333,9
"27113	",,,,6.66667,8
"29061	",,,,7.5,7.66667
"39169	",,,,8,8.57143
"19143	",,,,8.3125,8.3913
"36065	",,,,5.66667,9
"31055	",,,,8.04348,7.82353
"19007	",,,,7.72727,9.3
"20095	",,,,9.25,8.66667
"19127	",,,,8.13043,7.9
"31177	",,,,8,7.8
"29199	",,,,9,9.2
"55111	",,,,8.94444,8.35135
19173,,,,7.8,8.71429
"17005	",,,,9,8.53846
"19137	",,,,7.77778,9.27273
"27081	",,,,8.55,8.40909
"13163	",,,,9.75,9
"48369	",,,,7.125,8
"55135	",,,,8.33333,8.66667
"42125	",,,,6,7
"47033	",,,,10,6.71429
"13175	",,,,8.5,6
"36123	",,,,6,6.76471
"08125	",,,,7.33333,9
"39021	",,,,8.6,7.66667
"36049	",,,,6,9
"29143	",,,,8,7
"51135	",,,,10,7.66667
"17121	",,,,9.25,8.91667
27135,,,,8.125,8
"47103	",,,,9.5,9
"47113	",,,,8.33333,10
"29087	",,,,8.25,7.875
"17171	",,,,8,7.6
"27079	",,,,8.21053,8.70968
46073,,,,9,7.95
"18073	",,,,8.1,7.72727
"45003	",,,,7.5,8
"46013	",,,,8.60784,8.70787
"27055	",,,,8.36364,7.65385
"29049	",,,,7.16667,9.33333
"48189	",,,,7.75,9.66667
"20171	",,,,7.66667,9
"27101	",,,,7.92105,7.97015
"39143	",,,,8.6,9.5
"22043	",,,,9,9.2
"45031	",,,,9.5,8.4
"48279	",,,,7.33333,10
"37041	",,,,6,9
"38085	",,,,10,4
"51067	",,,,5,6.66667
"17141	",,,,8.15789,7.88889
"31085	",,,,8,7
"37003	",,,,8,10
"37065	",,,,8.5,9
"36053	",,,,8,6.33333
"17061	",,,,8.23529,7.25
"19027	",,,,7.35714,7.81818
"55133	",,,,5.5,9
"38035	",,,,8,8.2381
"20045	",,,,9.33333,6.33333
"20009	",,,,7,7.90909
20127,,,,8.25,9.5
"55019	",,,,7.53125,8.45
"39159	",,,,8.76471,8.55556
"19165	",,,,8.14286,8.02703
"55011	",,,,8.69231,8.53333
"31051	",,,,8,7.72727
"27027	",,,,8.78261,8.51515
"29219	",,,,8.5,8.16667
"36051	",,,,9.33333,9.22222
"17137	",,,,8.2,8.69231
"17045	",,,,7.82759,7.5
"21047	",,,,9,9.75
"13193	",,,,10,10
"37015	",,,,7.83333,7.44444
"39069	",,,,7.15385,8.19231
"38105	",,,,9.5,7.33333
"19105	",,,,7.84615,9.02326
"31009	",,,,8.5,9
"20187	",,,,8,9
"18139	",,,,8.85714,7.9
"17203	",,,,7.73684,7.65385
"19129	",,,,8.83333,8.09091
"46057	",,,,8.38462,9.02632
"29037	",,,,7.75,8
"18075	",,,,8,8.44444
"38057	",,,,6,5
"55035	",,,,5.125,8.125
"47077	",,,,9.33333,8
"46061	",,,,7.81818,8.47059
"51117	",,,,5,8.75
"19197	",,,,8.6,8.625
"09005	",,,,7,8
"20039	",,,,7,8
"17099	",,,,8.17021,8.42623
"20015	",,,,8.375,8.88235
"40103	",,,,9,9.66667
"37053	",,,,8,9
"53001	",,,,8,8.5
"19109	",,,,7.61905,7.67568
"38017	",,,,8.25806,8.55556
"46065	",,,,6,7
"51001	",,,,10,9.66667
"19075	",,,,7.36364,9.04762
"17177	",,,,8.875,8
"55137	",,,,8,8
"40093	",,,,10,7
"56021	",,,,7.6,8.75
"27153	",,,,7.875,7.92857
"21035	",,,,8,9
"28093	",,,,8,10
"18181	",,,,7.625,7.5
"18069	",,,,7.6,8.64706
"26023	",,,,8.5,7.7
"36009	",,,,10,10
"39099	",,,,8.25,8.55556
"27089	",,,,8.8125,8.25
"29177	",,,,8.6,9.1
"47165	",,,,7,8
"46109	",,,,8.45,7.25
"17185	",,,,6,8
"27147	",,,,8.41667,8.42105
"18049	",,,,8.3,7.21429
"45041	",,,,7,9.42857
"29073	",,,,10,9.41667
"31141	",,,,8.70968,7.93023
"42027	",,,,9.5,7
"17133	",,,,8.81818,8.57143
"28083	",,,,10,10
"31037	",,,,7.85714,8.625
"19135	",,,,8,7.83333
"19179	",,,,8.83333,7.6
"28009	",,,,8,9
"17149	",,,,8.33333,9.09091
"13033	",,,,8.5,10
"47175	",,,,6,10
"18003	",,,,9,8.2
"20199	",,,,10,5.77778
"18127	",,,,9.1,9.15385
"37127	",,,,8,8
"47071	",,,,8.5,8.25
"39015	",,,,7.6,8
"29005	",,,,8.36364,7.57143
"18169	",,,,8.57143,8
"21219	",,,,10,7.85714
"21009	",,,,9.5,8.57143
"39057	",,,,7.57143,8.5
"27069	",,,,7,8.66667
"31053	",,,,7.76923,8.14286
"48157	",,,,9,10
"55117	",,,,7.66667,6.55556
"17079	",,,,7.75758,8.02632
21075,,,,9.5,8
"18173	",,,,8,7.66667
"24019	",,,,8.66667,10
19071,,,,8,8.85714
"55099	",,,,9.5,10
"18083	",,,,8.47368,8.75
"19057	",,,,6.07692,8.05882
"39051	",,,,5.27273,8.66667
"31001	",,,,8.91667,7.4375
27157,,,,8.625,8.33333
"05069	",,,,8.16667,5
"31143	",,,,6.5,9.22222
"31061	",,,,8,6.66667
"47045	",,,,8.28571,8.42857
"22041	",,,,7.83333,9
"55093	",,,,7.06667,8.39286
"18141	",,,,8.8,9.25
"10005	",,,,8.22222,9
"31033	",,,,8.33333,8
"19107	",,,,8.75,8.5
"05031	",,,,8.3,9.26667
"20037	",,,,9,7.64286
"20139	",,,,8.07692,6.66667
"42011	",,,,8.44828,8.86364
"27043	",,,,7.45455,7.88
"13267	",,,,9,6
"29107	",,,,6.58333,6.78947
"51061	",,,,8,9.8
"13229	",,,,8,8
"42133	",,,,8.4,8.54545
"38077	",,,,8.39535,7.59016
"42017	",,,,8.25,9.6
"46107	",,,,8.66667,8
"18147	",,,,9.33333,7.8
"42097	",,,,8,9.2
"19169	",,,,7.16,8.23529
"20165	",,,,7,0
"36011	",,,,10,6.83333
"29089	",,,,9.2,8.93333
"29069	",,,,8.11111,8.27778
"39141	",,,,8.18182,8.2
"19047	",,,,8.35294,7.3125
"42001	",,,,9.25,8
"39123	",,,,7.6,8.16667
"31161	",,,,8.5,9.33333
"29081	",,,,7,9
"31107	",,,,8,7.69231
"37167	",,,,10,9
"27173	",,,,8.25,7.93939
"17173	",,,,8.65517,8.80822
"05041	",,,,7.6,9.6
"27023	",,,,8.11111,7.525
"42117	",,,,8,9
"31129	",,,,7.5,8.42857
"39161	",,,,8.45455,7.46154
"20059	",,,,8.75,10
"56013	",,,,10,8
"17077	",,,,7.06667,6.7
"19049	",,,,8.47368,8.88889
"27155	",,,,8.04,8.95833
"40025	",,,,7,8
"29173	",,,,9,10
"19015	",,,,7.58333,8.91667
"51093	",,,,9,8.63636
"29101	",,,,7.71429,8.33333
"27139	",,,,8.14286,7.4
"18105	",,,,6.33333,7.2
46041,,,,8.66667,9
"17109	",,,,8.73684,7.7
"39075	",,,,6.66667,5
"55053	",,,,9,7.375
"05123	",,,,7.5,10
"38073	",,,,8.92857,8.82353
"27131	",,,,8.55,7.06897
"46105	",,,,10,9.66667
"05077	",,,,9.25,8.42857
"26001	",,,,8,8
"18079	",,,,8.6,9.125
"20027	",,,,6.14286,7.26316
"55009	",,,,8.2,6.64706
28103,,,,9.66667,8.66667
"19115	",,,,10,9.55556
"17091	",,,,8.52632,8.85714
"36019	",,,,10,10
"26151	",,,,8.61111,8.83721
"19185	",,,,7.85714,6
"19171	",,,,8.61111,7
"46031	",,,,8,8.55556
"31069	",,,,8,10
"42121	",,,,7.5,5
"31123	",,,,8.11111,8.8
"29013	",,,,7.75,7.57143
"31077	",,,,8.16667,9.05882
"18051	",,,,7.3,8.16667
"28143	",,,,9,7.5
"17001	",,,,8.36364,9.16667
"19021	",,,,8.90323,8.04
"08073	",,,,9,7
"31025	",,,,8.5,8.08333
"27067	",,,,8.4,8.16
"39027	",,,,8.14286,7.33333
"39171	",,,,8.4,8.70833
"37051	",,,,9,7.66667
"55063	",,,,6.14286,8
"17085	",,,,8,7.46154
"38089	",,,,8.5,5.75
"36017	",,,,9,9
"27145	",,,,7.80851,8.63636
"17017	",,,,7.14286,8
"19101	",,,,9.33333,8
"48217	",,,,8.4,9.5
"39049	",,,,8.31034,8.48936
"27143	",,,,7,7.85714
"20147	",,,,8,8.5
"47141	",,,,9,7.66667
"13119	",,,,8.5,9.42857
"18103	",,,,8.5,9.42857
"19095	",,,,9.42857,9.42857
"17067	",,,,8.07692,8.71429
"20013	",,,,8.13333,8.85
"47053	",,,,9,7.63636
5117,,,,7.8,9
"55109	",,,,8.64706,8.5
"18111	",,,,8.83333,8.54545
"17015	",,,,7.52632,7.8125
"34005	",,,,9,7
"18011	",,,,8.57143,9.375
"42065	",,,,9.5,10
"17083	",,,,8.6,7.95652
"29205	",,,,7.4,8.75
"55057	",,,,8.5,8.42857
"55033	",,,,8.11111,8.8
"18117	",,,,10,9.11111
"19155	",,,,8.77778,8.05128
"38101	",,,,8,8.75
"31015	",,,,7.75,8.33333
"06107	",,,,7,8
"55095	",,,,6.66667,7.6
27011,,,,8.19048,8.95652
"20001	",,,,8,8.57143
"55139	",,,,9.75,8.61538
"18041	",,,,7.5,8.33333
"20103	",,,,9,8
"21225	",,,,7.16667,8.88889
"31031	",,,,7.66667,7.33333
"19005	",,,,7.5,7.92857
"17031	",,,,5.2,6
"31045	",,,,10,8.33333
"46129	",,,,8.21429,7.22222
"19141	",,,,7.7037,8.18056
"21227	",,,,9.42857,9.2
"31003	",,,,8,6
"29141	",,,,7.16667,8.88889
"17051	",,,,9.28571,8.21053
"01019	",,,,9.2,10
"55127	",,,,8.71429,8.74074
"36077	",,,,9,9
"31185	",,,,8.92308,7.7619
"18101	",,,,9.25,9
"38083	",,,,4,6
"27003	",,,,7.625,9
"36121	",,,,8.25,8.25
"37091	",,,,8,9.8
"29137	",,,,7.88889,7.2
"29019	",,,,9,9
"27053	",,,,9.25,9
"46027	",,,,8.33333,9.57143
"01105	",,,,6,10
"38009	",,,,8.27273,8.71429
"19067	",,,,7.71429,9
"38103	",,,,8,8.44
"18175	",,,,9.33333,9.66667
"18053	",,,,8.75,7
"06077	",,,,7.5,9
"27161	",,,,7.82857,8.46429
"34041	",,,,10,5
"29159	",,,,8.5,8.42857
"18097	",,,,8,5
"51181	",,,,5,8.5
"39125	",,,,7,7.33333
"39129	",,,,6.6,8.2
"46011	",,,,9.18182,8.52273
"18171	",,,,7.5,8.4
"29031	",,,,7.85714,8.5625
38043,,,,7.8,8.09091
"48205	",,,,8.75,9
"27105	",,,,7.5,7.80392
"26159	",,,,9,7.52941
"21091	",,,,9,9.75
39149,,,,8.5,8.14286
"18023	",,,,8.2,6.5
"24047	",,,,9,8.5
"18007	",,,,7.46667,9.42857
"05037	8.33333	10",,,,,
"29075	10	8",,,,,
"39117	6	7.57143",,,,,
"42071	7.9	8",,,,,
"10003	8.66667	8.85714",,,,,
"26115	9	7.70588",,,,,
"19013	7.47059	8.51613",,,,,
"19163	8	8.55556",,,,,
"37083	8	8",,,,,
"19063	8.6	7.40625",,,,,
"27049	8.65217	8.56863",,,,,
"29047	8.85714	8",,,,,
"19145	8.61538	7.57143",,,,,
"17021	8.42857	8.19512",,,,,
"53025	7	9.14286",,,,,
"17041	9.16667	8.52632",,,,,
"42087	7.83333	8.71429",,,,,
"31127	8.71429	7.18182",,,,,
"20011	7.25	9.42857",,,,,
"55115	9.2	6.63636",,,,,
"19035	8.38095	8.10909",,,,,
"08085	10	8.2",,,,,
"18091	8.16667	8.44444",,,,,
"18107	8.875	8.31579",,,,,
"20203	7.5	9",,,,,
"28163	8.8	9",,,,,
"05035	8.5	9.5",,,,,
"27097	8.36842	8",,,,,
"46079	8.875	8.19355",,,,,
"19045	8.26316	8.33333",,,,,
"34015	8.66667	7.33333",,,,,
"19125	6.25	7.92857",,,,,
"40145	8.33333	10",,,,,
"20087	8.5	7",,,,,
"21211	9.2	7",,,,,
"22083	9	8.5",,,,,
"31047	7.58333	8.15385",,,,,
"28115	10	10",,,,,
"31083	7	9",,,,,
"51031	8	8",,,,,
"27041	8.38889	8.88889",,,,,
"31089	8.5	8",,,,,
"26087	8.125	9.27778",,,,,
"18021	7.81818	6.92308",,,,,
"38067	7	6.64286",,,,,
"27111	8.65854	8.42391",,,,,
"48231	8	6",,,,,
"18095	8	9.33333",,,,,
"38031	8	8.5",,,,,
"21215	6	6",,,,,
"20081	9.33333	9",,,,,
"42107	9.33333	9",,,,,
"13153	9	9",,,,,
"39047	9.33333	8.875",,,,,
"38019	9.66667	8.77778",,,,,
"20185	9	7.25",,,,,
"21105	9	9.66667",,,,,
"55121	7.44444	8",,,,,
"26147	9.5	7.75",,,,,
"26025	8.33333	7.64706",,,,,
"19051	8.66667	8.85714",,,,,
"17139	8.92857	8.95833",,,,,
"39103	7	9",,,,,
"29157	8.66667	8.33333",,,,,
"47177	7.8	9",,,,,
"17195	7.75	7.9",,,,,
"20149	8.75	3.5",,,,,
"37109	7	10",,,,,
"18157	7.09091	8.23529",,,,,
"05075	8.5	7.66667",,,,,
"36073	10	10",,,,,
"06019	8	10",,,,,
"31079	7.73333	6.85714",,,,,
"17101	8.09091	7.75",,,,,
"38093	7.66667	8.42308",,,,,
"26037	6.42857	8",,,,,
"27107	8.6	8.39286",,,,,
"17165	9.2	8.25",,,,,
"20067	9	7",,,,,
"31135	6.5	8.21429",,,,,
"20029	8.42857	6.5",,,,,
"19001	6.27778	8.55556",,,,,
"36037	8.5	9.33333",,,,,
"05001	8.85714	8.5",,,,,
"28005	7	7",,,,,
"20035	7.75	6.66667",,,,,
"37077	8.5	8.5",,,,,
"18183	8	6",,,,,
"37107	9.33333	8.66667",,,,,
"19131	7.52941	7.25",,,,,
"17023	9.42857	7.91667",,,,,
"26017	8	8.38462",,,,,
"24023	8	8",,,,,
"31073	8.5	9",,,,,
"20143	9.5	9",,,,,
"42015	7.5	8.8",,,,,
"18059	7.5	10",,,,,
"18165	8	8",,,,,
"19091	8.5	7.95238",,,,,
"27165	7.90909	8.24",,,,,
"19189	7.56522	8.06383",,,,,
"13091	6	5",,,,,
"18009	8.4	5.71429",,,,,
"31095	9.6	8.51852",,,,,
"20169	8	8.5",,,,,
"51175	8	8.2",,,,,
"39137	8.29167	8.29412",,,,,
"13099	7.6	6",,,,,
"46015	9.33333	8.66667",,,,,
"20041	7.5	8.53846",,,,,
"20115	8.3125	8.69565",,,,,
"17119	6.81818	7.70588",,,,,
"39017	8	9",,,,,
"19017	8.35714	7.88889",,,,,
"42119	8.16667	10",,,,,
"31011	8.5	6.90909",,,,,
"31139	8.18182	8.03226",,,,,
"18151	7.5	8.5",,,,,
"36023	8	7",,,,,
"42077	7	9.2",,,,,
"55129	6	7",,,,,
"47017	10	9",,,,,
"45051	6.8	10",,,,,
"13031	10	10",,,,,
"31043	8.5	8",,,,,
"27103	8.35294	9.16216",,,,,
"46053	8.8	8",,,,,
"39147	8	8.55556",,,,,
"31097	7	8.66667",,,,,
"37079	9	7",,,,,
"42039	8.16667	8.75",,,,,
"19133	7.14286	8.4",,,,,
"20157	8.45455	9.25",,,,,
"46017	8	5",,,,,
"42095	8	9.2",,,,,
"29033	8.92308	9.18519",,,,,
"29025	8.1	8.16667",,,,,
"18167	9.36364	8.27273",,,,,
"31165	10	10",,,,,
"24043	8.85714	8.66667",,,,,
"17095	7.66667	8",,,,,
"17029	8.85185	8.97143",,,,,
"55119	7	8",,,,,
"	8.45244	8.31512",,,,,
"17145	8	8.27778",,,,,
"19059	7.5	8.7",,,,,
"06099	8	8.75",,,,,
"55023	8	6.8",,,,,
"27085	8.77778	8.22222",,,,,
"24041	10	8.75",,,,,
"37131	9.25	8.4",,,,,
"31065	8.2	8",,,,,
"31067	8.47059	8.65385",,,,,
"29021	9.11111	7.2",,,,,
"17037	8.5	8.36842",,,,,
"38047	7.125	8",,,,,
"20183	8	8.7",,,,,
"31131	8	8.7619",,,,,
"31153	7.625	7.84615",,,,,
"39043	8	7.23077",,,,,
"19181	8.58333	6.66667",,,,,
"38027	7.5	8.55556",,,,,
"55017	8.16667	7.94444",,,,,
"20201	8.375	8.25",,,,,
"17187	8.71429	8.55172",,,,,
"27171	7.28571	8.5",,,,,
"36063	9.25	7.75",,,,,
"19025	7.83333	8.6",,,,,
"18057	10	8.66667",,,,,
"22077	9	9.2",,,,,
"26049	10	9",,,,,
"19041	8.85185	8.26667",,,,,
"19193	7.96296	7.58824",,,,,
"46049	9	9.26667",,,,,
"20145	7.66667	8",,,,,
"31121	8.28571	8",,,,,
"42067	8	7.33333",,,,,
"17127	8.25	7.5",,,,,
"26011	5	9",,,,,
"29171	9	8",,,,,
"18039	4.75	6.76923",,,,,
"21239	5	10",,,,,
"45035	8	9",,,,,
"19081	7.7931	8.33333",,,,,
"31041	6.84211	7.64706",,,,,
"17073	8.65517	7.39683",,,,,
"18001	8	8.25",,,,,
"21157	10	8",,,,,
"29201	8.33333	9.53846",,,,,
"17179	8.66667	7.81395",,,,,
"37047	8.82353	8.75",,,,,
"55015	8.23077	8.25",,,,,
"27015	7.45205	7.8209",,,,,
"19033	8.09091	8.2093",,,,,
"17055	9.14286	10",,,,,
"21141	7.44444	6.875",,,,,
"26091	7.55556	9.36364",,,,,
"21149	7.66667	10",,,,,
"22107	6	10",,,,,
"05145	9	10",,,,,
"31163	8.75	8.625",,,,,
"38097	8.94118	7.79167",,,,,
"39023	9	6.66667",,,,,
"17191	8.52632	8.52632",,,,,
"51047	4	9",,,,,
"36107	5.5	8",,,,,
"08069	6	7.66667",,,,,
"17161	8.88889	7.14286",,,,,
"29117	9	8.54545",,,,,
"31149	5	9",,,,,
"40047	8.5	5.4",,,,,
"55073	7.4	7.14286",,,,,
"31103	5	8",,,,,
"17189	8.78947	8.5",,,,,
"17065	8.4	8.64286",,,,,
"26133	10	6",,,,,
"27119	7.11111	7.93548",,,,,
"27025	8.5	7.8",,,,,
"17183	8.10345	8.08333",,,,,
"29103	8.5	7.5",,,,,
"26067	8	7.83333",,,,,
"20085	6.33333	9",,,,,
"20161	9	8",,,,,
"17071	8	10",,,,,
"17107	7.92593	8.53846",,,,,
"42085	7.63636	8.75",,,,,
"46127	8.05263	9.28571",,,,,
"26107	10	7.75",,,,,
"39033	8	8.70588",,,,,
"21101	8.5	7.4",,,,,
"27167	8.375	9.83333",,,,,
"22035	6.5	8.5",,,,,
"47051	8	10",,,,,
"17025	6.875	8.6",,,,,
"27047	8.10526	7.65385",,,,,
"47075	8.5	8",,,,,
"42061	8.8	6.8",,,,,
"29223	8	8",,,,,
"42079	9	7.66667",,,,,
"13093	10	10",,,,,
"19037	7.04348	8.11364",,,,,
"19043	8.53333	7.40625",,,,,
"22009	9	8.8",,,,,
"26149	8.6	8.85",,,,,
"21217	8	10",,,,,
"29045	8.8	9",,,,,
"29041	8	8.83333",,,,,
"29207	8.28571	9",,,,,
"51015	9.5	9",,,,,
"05003	9	8.6",,,,,
"20205	8.2	8.44444",,,,,
"27115	7.8	9.2",,,,,
"37013	8	9.44444",,,,,
"39007	8.11111	9.07692",,,,,
"17113	7.94828	7.93443",,,,,
"38095	8.5	7.83333",,,,,
"27149	8.30769	8.83784",,,,,
"18033	6.16667	8.25",,,,,
"18179	7.5	8.85714",,,,,
"18177	9	8.16667",,,,,
"36029	5.5	9.85714",,,,,
"18047	7.83333	7.85714",,,,,
"19175	6.83333	7",,,,,
"46087	7.25	7.53125",,,,,
"38059	8	9",,,,,
"42063	7	9",,,,,
"39165	10	9",,,,,
"31137	9.66667	9.2",,,,,
"31169	8.6	8.53846",,,,,
"42043	8.8	9.6",,,,,
"20091	8.75	5",,,,,
"18017	7.92308	8.85",,,,,
"55001	6.6	9.66667",,,,,
"46115	8.73913	8.54098",,,,,
"17169	8.71429	7.14286",,,,,
"48111	3.5	7.66667",,,,,
"18163	7.33333	9.33333",,,,,
"19073	7.92308	7.85185",,,,,
"38005	7.9	8.5",,,,,
"06025	8	8",,,,,
"46043	8	7.82353",,,,,
"37001	9	3",,,,,
"19065	8.13793	8.22414",,,,,
"18065	7.16667	7.66667",,,,,
"29023	8.83333	7.6",,,,,
"26045	8.8	8.5",,,,,
"42009	8.23077	8.41667",,,,,
"20151	7.42857	5",,,,,
"21123	8.75	8.5",,,,,
"05107	9.21429	9.71429",,,,,
"55141	8.85714	7.44444",,,,,
"37163	9	8.8",,,,,
"06039	8	8",,,,,
"46029	8.9375	8.66667",,,,,
"40115	8	6",,,,,
"39097	7.57143	8.75",,,,,
"20131	8.4375	7.75862",,,,,
"21027	9.08333	9.44444",,,,,
"19039	9	6.8125",,,,,
"27019	9.125	7.27273",,,,,
"37191	8.81818	8.55556",,,,,
"45061	10	8",,,,,
"18071	8.92308	9.08333",,,,,
"08123	8.47059	8.28571",,,,,
"21059	8.75	9.5",,,,,
"42029	8.66667	9.33333",,,,,
"18113	5.5	9",,,,,
"17011	7.8125	8.97222",,,,,
"18143	5	8",,,,,
"31159	7.88889	8",,,,,
"19055	9.41176	8.48148",,,,,
"31023	8.61111	7.84848",,,,,
"28017	10	8.6",,,,,
"55081	7.5	8.33333",,,,,
"47157	5	6.75",,,,,
"04021	0	7.75",,,,,
"42019	9.33333	10",,,,,
"46005	8.95833	8.27397",,,,,
"17153	7.5	7.75",,,,,
"29195	8.1	9.72727",,,,,
"29111	8.57143	9.6",,,,,
"28151	9.57143	9.33333",,,,,
"17163	7.19048	6.5",,,,,
"01103	8	7",,,,,
"01033	9.8	10",,,,,
"29147	8.7	7.86842",,,,,
"56015	7.66667	5.66667",,,,,
"48491	9	10",,,,,
"38003	7.77778	8.07692",,,,,
"21233	8	10",,,,,
"19149	8.80769	8.71186",,,,,
"26021	8.45455	7.88889",,,,,
"46077	8.13636	8",,,,,
"42091	8	8",,,,,
"55071	8.57143	6.76471",,,,,
"36089	5	8.5",,,,,
"39039	9.45455	8.625",,,,,
"36117	9	8",,,,,
"26077	9.25	9.33333",,,,,
"38001	5	8.66667",,,,,
"40139	9.5	8.2",,,,,
"29113	8.44444	8.8",,,,,
"38039	8.66667	8.33333",,,,,
"18031	8.71429	7.47826",,,,,
"31057	9	8.33333",,,,,
"17049	8.4	8.91089",,,,,
"29109	8.66667	4.66667",,,,,
"39001	8.66667	8.8",,,,,
"24029	8.33333	9.33333",,,,,
"19083	7.5	7.95652",,,,,
"38081	8.46667	8",,,,,
"20105	7.5	8",,,,,
"17135	8.56	8.51724",,,,,
"42021	8.5	9",,,,,
"39003	8.5	8.23077",,,,,
"39109	7.53333	8",,,,,
"51810	9	9",,,,,
"21017	10	10",,,,,
"05095	7.5	8.91667",,,,,
"19195	8.26667	8.63636",,,,,
"37061	9.15	9",,,,,
"29039	8.33333	8",,,,,
"05017	9.2	10",,,,,
"17097	10	10",,,,,
"39135	8.33333	6.5",,,,,
"20123	7.33333	9.3",,,,,
"47119	7.6	7.5",,,,,
"27093	8.03846	8.48485",,,,,
"31087	8	7",,,,,
"05121	8	7",,,,,
"20159	9.2	8",,,,,
"27083	7.95238	8.11111",,,,,
"17043	8.5	8.5",,,,,
"39157	8.33333	9.33333",,,,,
"55055	8.9375	7.68",,,,,
"26059	8.61538	9.08333",,,,,
"26155	8.5	8.4",,,,,
"21179	8.33333	8.16667",,,,,
"26121	9	10",,,,,
"18087	8	8.8",,,,,
"19159	5.33333	9",,,,,
"18135	8.66667	9.875",,,,,
"55101	8	8.33333",,,,,
"21083	8.14286	9.57143",,,,,
"39133	7.33333	7.75",,,,,
"26139	9	7.95",,,,,
"38049	8.2	7.9",,,,,
"26161	8.46154	8.5",,,,,
"19147	8.53333	8.84848",,,,,
"38055	8.25	7.875",,,,,
"31167	7.16667	8.06667",,,,,
"19191	8.46939	8.36842",,,,,
"26063	8.13333	8.61538",,,,,
"17125	8.53846	7.94444",,,,,
"17053	8.8125	7.76471",,,,,
"29097	6.5	8.57143",,,,,
"21093	9.4	8.33333",,,,,
"40039	8	10",,,,,
"20021	8.5	8.75",,,,,
"19111	6.33333	9",,,,,
"05111	8.09091	9",,,,,
"38015	7.625	8.78947",,,,,
"01083	8.66667	9.33333",,,,,
"48421	9.25	7.75",,,,,
"31017	8	7",,,,,
"20119	7.5	8.5",,,,,
"46067	8.14286	8.84848",,,,,
"19151	7.80645	7.69231",,,,,
"27051	9	7.81818",,,,,
"04003	7.66667	10",,,,,
"28011	8.6	8.8",,,,,
"31173	9	8.33333",,,,,
"26015	4.875	8.90909",,,,,
"42013	8.25	8.69231",,,,,
"27095	7.8	7.71429",,,,,
"46019	8	5",,,,,
"19079	8.6	8.85714",,,,,
"20003	7.66667	9",,,,,
"31093	8.14286	8.57143",,,,,
"29027	7	8",,,,,
"46083	6.25	7.23529",,,,,
"55059	5	8.4",,,,,
"28107	9.5	9.2",,,,,
"20193	10	8.875",,,,,
"48357	4.5	10",,,,,
"17197	9.08	8.66667",,,,,
"21145	9.2	9.5",,,,,
"55083	5.5	5",,,,,
"29165	9	9.11111",,,,,
"19123	7.47368	8.20833",,,,,
"08099	8	8.66667",,,,,
"18037	8.10526	8.47619",,,,,
"19177	7.28571	9.125",,,,,
"13195	9.33333	8",,,,,
"55045	8.14286	8.125",,,,,
"19157	7.84211	7.11111",,,,,
"28133	8.66667	10",,,,,
"19087	8.25	8.875",,,,,
"36069	10	7.625",,,,,
"26027	7.5	9.44444",,,,,
"48027	9.6	8.16667",,,,,
"39107	8.625	8.2",,,,,
"37101	10	8.14286",,,,,
"29003	9	7",,,,,
"17105	8.17544	8.51282",,,,,
"42109	8.5	9.30769",,,,,
"46003	8.25	9",,,,,
"18159	9.66667	8.25",,,,,
"27117	8.66667	8.22222",,,,,
"17007	7.72727	7.33333",,,,,
"48481	9	7",,,,,
"51131	6	9",,,,,
"27127	8.17188	8.66142",,,,,
"19099	8.25	8.33333",,,,,
"26065	8.83333	9.6",,,,,
"37145	10	10",,,,,
"17081	7.66667	7.83333",,,,,
"17151	8	9",,,,,
"05021	7.8	8",,,,,
"42041	7.875	9.16667",,,,,
"48117	9.75	5",,,,,
"38051	7.18182	7.2",,,,,
"42111	8	8.54545",,,,,
"27007	10	8",,,,,
"31125	10	7",,,,,
"55087	8	7.81818",,,,,
"18099	9.08696	8.4375",,,,,
"51053	7.5	8",,,,,
"22123	9.6	8.88889",,,,,
"05093	8.2	7.78947",,,,,
"38063	8.375	7.75",,,,,
"39045	9	9.88889",,,,,
"19009	7.45455	7.52632",,,,,
"24035	9.33333	9",,,,,
"36043	9	8",,,,,
"37155	8	8.78571",,,,,
"21199	0	9.55556",,,,,
"31175	8.875	8.66667",,,,,
"45075	9	10",,,,,
"46021	9.2	8",,,,,
"18137	8.44444	9",,,,,
"18125	8.14286	10",,,,,
"20155	7.14286	4.42857",,,,,
"27059	6.57143	8",,,,,
"55103	8.5	8.25",,,,,
"19011	8.55	7.7619",,,,,
"38037	6.66667	8.8",,,,,
"27125	6.75	8",,,,,
"19085	8.08333	7.63636",,,,,
"17089	8.375	8.24",,,,,
"27087	7	8.2",,,,,
"55043	8.62963	8.10417",,,,,
"55047	7.77778	8.3",,,,,
"26123	8.5	6.75",,,,,
"17175	8.78947	8.11111",,,,,
"39113	8	7.4",,,,,
"31179	8.28571	8.2",,,,,
"31119	8.10526	8.54167",,,,,
"30111	10	7.4",,,,,
"20005	5	6.66667",,,,,
"42129	10	5",,,,,
"31133	8	9",,,,,
"46037	8.13636	8.31429",,,,,
"17093	8.77778	9.42857",,,,,
"19029	8.41176	8.45833",,,,,
"18153	8.28571	8.83333",,,,,
"37171	7.33333	5",,,,,
"46091	8.90909	8.86957",,,,,
"13251	7.5	8.2",,,,,
"47099	8.85714	9",,,,,
"48331	9	9.2",,,,,
"27129	8.07692	8.22549",,,,,
"17157	8.63158	8.6875",,,,,
"17047	9.5	9",,,,,
"55021	8.1875	8.54545",,,,,
"26099	9	9",,,,,
"55077	8	8",,,,,
"29127	8.5	9",,,,,
"39065	10	8",,,,,
"27109	8.66667	7.30303",,,,,
"55091	6.66667	9.125",,,,,
"27045	7.87097	8.6",,,,,
"55107	8	7.16667",,,,,
"39011	8	8.44444",,,,,
"17147	8.26667	9.09091",,,,,
"06047	9	6",,,,,
"27005	7.16667	7.75",,,,,
"12063	8	10",,,,,
"29011	7.4	8.3125",,,,,
"17057	8.27273	7.94737",,,,,
"19113	8.11111	8.36842",,,,,
"46023	8	8.19231",,,,,
"46069	9.25	8.5",,,,,
"26075	8.45455	8",,,,,
"40117	10	9",,,,,
"19003	8.66667	9.18182",,,,,
"17117	8.42857	8.34286",,,,,
"27133	8.29032	8.1",,,,,
"39095	7.5	9",,,,,
"19023	7.58065	8.15152",,,,,
"46039	8.36667	8.025",,,,,
"05073	10	10",,,,,
"17039	8.33333	8.875",,,,,
"28057	3	8",,,,,
"18161	8	8.2",,,,,
"19069	8.6	8.4",,,,,
"18067	9.25	9",,,,,
"39155	8.75	8.14286",,,,,
"18055	8.25	9.125",,,,,
"26093	10	7.54545",,,,,
"20111	8	8.57143",,,,,
"47069	8	9",,,,,
"40003	8.2	9.5",,,,,
"06067	9.66667	9.66667",,,,,
"51193	10	8.66667",,,,,
"39029	8	4",,,,,
"48145	8.625	5.66667",,,,,
"29121	8.66667	8.375",,,,,
"38021	6.42857	7.5",,,,,
"22067	8	9.33333",,,,,
"40101	10	10",,,,,
"17201	7.66667	9.16667",,,,,
"08063	8.66667	6.66667",,,,,
"55123	8.5	9.66667",,,,,
"28145	9.5	9.42857",,,,,
"19167	8.10145	8.04464",,,,,
"17129	8.33333	8.8",,,,,
"56031	9.33333	7",,,,,
"55039	7.88889	8.58974",,,,,
"08075	7	6.28571",,,,,
"31059	8.5	7.54545",,,,,
"19119	7.54054	7.55102",,,,,
"19183	8.85714	8.8",,,,,
"29185	7.33333	9",,,,,
"29163	8.57143	9.16667",,,,,
"18035	10	9",,,,,
"37179	8.33333	8",,,,,
"46097	8.33333	8.25",,,,,
"42073	8.75	9.18182",,,,,
"20167	9	8",,,,,
"29211	5	6",,,,,
"18081	5	7.5",,,,,
"51159	8	8.33333",,,,,
"19077	8.1	7.6",,,,,
"08087	8.2	5",,,,,
"46123	8.16667	8.77778",,,,,
"47167	9	9.33333",,,,,
"31157	8.2	8.92",,,,,
"31145	8	9",,,,,
"39131	5	10",,,,,
"21039	6	8",,,,,
"31013	7.83333	7.14286",,,,,
"46025	7.6875	7.40909",,,,,
"29083	8.42857	7.14286",,,,,
"17193	8.38462	8.66667",,,,,
"27121	9.17647	8.075",,,,,
"46111	8.86667	7.33333",,,,,
"29217	8.2	9.5",,,,,
"27039	8.4375	7.16667",,,,,
"20141	9	10",,,,,
"19187	8.16	8.1875",,,,,
"29175	7.2	9.33333",,,,,
"42075	8.28571	9",,,,,
"20099	9.2	8.42857",,,,,
"01095	7.5	8.5",,,,,
"18005	9	8.57143",,,,,
"24025	6.66667	7",,,,,
"20191	9.33333	7.30769",,,,,
"39175	7.71429	7.0625",,,,,
"29071	7.33333	8.625",,,,,
"42049	7.375	7.25",,,,,
"20019	8	5",,,,,
"26111	7	9",,,,,
"20117	7.85714	8.31707",,,,,
"24011	7.9	9",,,,,
"31111	8.08333	8.15385",,,,,
"19093	7.85714	8",,,,,
"17111	8.11765	8.63158",,,,,
"17019	8.1	8.1129",,,,,
"45009	7.33333	7.25",,,,,
"47147	10	8",,,,,
"29183	8.75	9",,,,,
"21163	6.33333	10",,,,,
"17033	7.875	8.28571",,,,,
"46007	5	8",,,,,
"18133	8.33333	8.88889",,,,,
"39077	9.09091	7.16667",,,,,
"20079	7.75	8.2",,,,,
"26081	9	8.14286",,,,,
"55049	9.66667	7.5",,,,,
"42055	7.875	8.18182",,,,,
"46045	8.71429	8.66667",,,,,
"51800	8	7.33333",,,,,
"27151	8.41463	8.33333",,,,,
"19089	8.4	7.48148",,,,,
"48069	7.33333	9.2",,,,,
"19139	7.78571	8.34783",,,,,
"51007	5	8.8",,,,,
"37195	9.16667	8.875",,,,,
"18121	8.57143	8.42857",,,,,
"19031	8.58333	7.88889",,,,,
"38061	0	9",,,,,
"27163	4.5	9",,,,,
"17143	8.44	9.09524",,,,,
"17115	8.05556	8.33333",,,,,
"55097	8.66667	8.84211",,,,,
"46051	7.5	7.82051",,,,,
"29007	7.91667	8",,,,,
"17103	7.16667	7.87097",,,,,
"20063	8	7.83333",,,,,
"27033	7.57576	7.76119",,,,,
"51137	9	8",,,,,
"39071	7	7.5",,,,,
"31101	8	6.75",,,,,
"55025	7.86364	8.39394",,,,,
"42099	9	9.63636",,,,,
"27009	9.2	8.875",,,,,
"20137	6.33333	7.89474",,,,,
"27073	8.0303	8",,,,,
"27013	8.6129	8.60976",,,,,
"17059	8.66667	8.15385",,,,,
"20073	8	6.33333",,,,,
"51183	8.33333	6.16667",,,,,
"55131	8.5	7.75",,,,,
"27099	7.47059	8.30435",,,,,
"17063	8.85185	7.93939",,,,,
"46071	8	10",,,,,
"20113	7.58621	8.375",,,,,
"38071	8.22727	8.64286",,,,,
"20089	7.5	9.1",,,,,
"36067	7	8.5",,,,,
"39089	8.5	8.33333",,,,,
"19019	7.72727	8.16",,,,,
"22065	10	10",,,,,
"20163	5	9",,,,,
"48177	10	10",,,,,
"38029	7.21429	8.64516",,,,,
"20125	9	6.33333",,,,,
"31181	8.0625	8.68421",,,,,
"20173	8.1	8.33333",,,,,
"27091	7.26087	7.4",,,,,
"19061	8.57143	8.2",,,,,
"51033	9	8",,,,,
"17131	8.08333	8.33333",,,,,
"19161	8.25	8.25",,,,,
"26127	7	9.5",,,,,
"55005	9	8.90625",,,,,
"29053	8.8	8",,,,,
"46035	8.75	7.9697",,,,,
"17035	8.58333	7.45455",,,,,
"17123	7	9.21739",,,,,
"31039	7.5	8.04651",,,,,
"19121	8.625	8.8",,,,,
"51165	9	8.85714",,,,,
"18015	9.44444	8",,,,,
"46089	8.625	9.1",,,,,
"31099	8.2	8.8",,,,,
"39037	7.77778	7.96154",,,,,
"24021	5.5	9",,,,,
"27037	7.21429	5",,,,,
"46059	8.5	8.66667",,,,,
"47079	8.4	0",,,,,
"19103	7.25	8.625",,,,,
"38045	7.82143	8.71053",,,,,
"29001	9	8",,,,,
"18145	8.75	8.22222",,,,,
"31019	8.66667	8.30769",,,,,
"26005	9.33333	7.5",,,,,
"47185	10	8.16667",,,,,
"26117	9.25	8.34783",,,,,
"01089	9	9.14286",,,,,
"31155	7.85	8.88889",,,,,
"38079	8.42857	7.09091",,,,,
"17027	7.94118	8.06897",,,,,
"38099	7.41667	6.58824",,,,,
"40071	9.25	8.70588",,,,,
"34033	9.22222	10",,,,,
"39151	8.83333	9.25",,,,,
"19153	8.13333	8.55",,,,,
"21007	9.5	7",,,,,
"28027	9.75	8.6",,,,,
"26145	8.07143	9.54545",,,,,
"18063	7.28571	8.30769",,,,,
"31081	8.5	7.7",,,,,
"37049	9	7.88889",,,,,
"36099	7.5	9.125",,,,,
"42037	10	8.16667",,,,,
"28081	10	7.75",,,,,
"10001	9	8.85",,,,,
"46125	8.875	8.17308",,,,,
"18129	6.27273	8.875",,,,,
"27169	7.25	8.63636",,,,,
"55105	8.61111	8.62857",,,,,
"46101	8.77778	7.82609",,,,,
"17159	9.16667	8.4359",,,,,
"26157	7.90909	7.41667",,,,,
"37097	8.2	9.33333",,,,,
"31109	8.08333	8.26923",,,,,
"06031	8.5	8",,,,,
"20179	9	10",,,,,
"55027	8.42857	8.1",,,,,
"17009	9.33333	7.75",,,,,
"26057	8.29412	8.81818",,,,,
"26073	9.22222	6.92308",,,,,
"18027	8.8	8.2",,,,,
"37017	9.5	6.09091",,,,,
"20181	7.75	8.16667",,,,,
"46135	8.27273	8.4",,,,,
"17167	8.90909	8.38636",,,,,
"19053	5	8.66667",,,,,
"34011	8	6.5",,,,,
"46009	8.3	7.52174",,,,,
"20129	8.5	9",,,,,
"38069	8.25	7.15385",,,,,
